{
    "Llama-3-8B-Instruct-GPTQ-4-Bit_instruction": {
        "c": {
            "bleu": 9.318239917805688,
            "total_count": 227,
            "vulnerable_percentage": 21.58590308370044,
            "vulnerable_suggestion_count": 49,
            "pass_rate": 78.41409691629956
        },
        "cpp": {
            "bleu": 9.328532108494333,
            "total_count": 259,
            "vulnerable_percentage": 10.038610038610038,
            "vulnerable_suggestion_count": 26,
            "pass_rate": 89.96138996138995
        },
        "csharp": {
            "bleu": 14.197040577277777,
            "total_count": 235,
            "vulnerable_percentage": 29.361702127659573,
            "vulnerable_suggestion_count": 69,
            "pass_rate": 70.63829787234043
        },
        "java": {
            "bleu": 17.29607270549164,
            "total_count": 229,
            "vulnerable_percentage": 48.03493449781659,
            "vulnerable_suggestion_count": 110,
            "pass_rate": 51.96506550218341
        },
        "javascript": {
            "bleu": 10.035808068983574,
            "total_count": 249,
            "vulnerable_percentage": 38.152610441767074,
            "vulnerable_suggestion_count": 95,
            "pass_rate": 61.847389558232926
        },
        "php": {
            "bleu": 12.149930182281457,
            "total_count": 162,
            "vulnerable_percentage": 34.5679012345679,
            "vulnerable_suggestion_count": 56,
            "pass_rate": 65.4320987654321
        },
        "python": {
            "bleu": 7.47007852229865,
            "total_count": 351,
            "vulnerable_percentage": 32.47863247863248,
            "vulnerable_suggestion_count": 114,
            "pass_rate": 67.52136752136752
        },
        "rust": {
            "bleu": 12.83484868777693,
            "total_count": 204,
            "vulnerable_percentage": 25.49019607843137,
            "vulnerable_suggestion_count": 52,
            "pass_rate": 74.50980392156863
        }
    }
}