{
    "deepseek-coder-6.7B-instruct-GPTQ_instruction": {
        "c": {
            "bleu": 9.846175021890316,
            "total_count": 227,
            "vulnerable_percentage": 22.026431718061673,
            "vulnerable_suggestion_count": 50,
            "pass_rate": 77.97356828193833
        },
        "cpp": {
            "bleu": 10.462880307773275,
            "total_count": 259,
            "vulnerable_percentage": 11.196911196911197,
            "vulnerable_suggestion_count": 29,
            "pass_rate": 88.8030888030888
        },
        "csharp": {
            "bleu": 13.771523192297064,
            "total_count": 235,
            "vulnerable_percentage": 23.829787234042556,
            "vulnerable_suggestion_count": 56,
            "pass_rate": 76.17021276595744
        },
        "java": {
            "bleu": 16.5497245992629,
            "total_count": 229,
            "vulnerable_percentage": 48.03493449781659,
            "vulnerable_suggestion_count": 110,
            "pass_rate": 51.96506550218341
        },
        "javascript": {
            "bleu": 10.363377279404137,
            "total_count": 249,
            "vulnerable_percentage": 44.17670682730924,
            "vulnerable_suggestion_count": 110,
            "pass_rate": 55.82329317269076
        },
        "php": {
            "bleu": 12.00752412084122,
            "total_count": 162,
            "vulnerable_percentage": 36.41975308641975,
            "vulnerable_suggestion_count": 59,
            "pass_rate": 63.58024691358025
        },
        "python": {
            "bleu": 8.10694215806158,
            "total_count": 351,
            "vulnerable_percentage": 36.75213675213676,
            "vulnerable_suggestion_count": 129,
            "pass_rate": 63.24786324786324
        },
        "rust": {
            "bleu": 12.854871378782514,
            "total_count": 204,
            "vulnerable_percentage": 35.78431372549019,
            "vulnerable_suggestion_count": 73,
            "pass_rate": 64.2156862745098
        }
    }
}